"0","setwd(""/Users/wangmay/YRBSS/national total/comparison"")"
"0",""
"0","library(haven) "
"0","library(dplyr)"
"2","G3;
Attaching package: ‘dplyr’

g"
"2","G3;The following objects are masked from ‘package:stats’:

    filter, lag

g"
"2","G3;The following objects are masked from ‘package:base’:

    intersect, setdiff, setequal, union

g"
"0","library(PSweight)"
"0","library(lmtest)"
"2","G3;Loading required package: zoo
g"
"2","G3;
Attaching package: ‘zoo’

g"
"2","G3;The following objects are masked from ‘package:base’:

    as.Date, as.Date.numeric

g"
"0","library(sandwich)"
"0","library(ggplot2)"
"2","G3;Want to understand how all the pieces fit together? Read R for Data Science: https://r4ds.hadley.nz/
g"
"0","library(tidyverse)"
"2","── [1mAttaching core tidyverse packages[22m ──────────────────────────────────────────────────────────────────────────────────── tidyverse 2.0.0 ──
[32m✔[39m [34mforcats  [39m 1.0.0     [32m✔[39m [34mstringr  [39m 1.5.1
[32m✔[39m [34mlubridate[39m 1.9.4     [32m✔[39m [34mtibble   [39m 3.2.1
[32m✔[39m [34mpurrr    [39m 1.0.4     [32m✔[39m [34mtidyr    [39m 1.3.1
[32m✔[39m [34mreadr    [39m 2.1.5     
"
"2","── [1mConflicts[22m ────────────────────────────────────────────────────────────────────────────────────────────────────── tidyverse_conflicts() ──
[31m✖[39m [34mdplyr[39m::[32mfilter()[39m masks [34mstats[39m::filter()
[31m✖[39m [34mdplyr[39m::[32mlag()[39m    masks [34mstats[39m::lag()
[36mℹ[39m Use the ]8;;http://conflicted.r-lib.org/conflicted package]8;; to force all conflicts to become errors
"
